"origin","destination","flow","flow_adj","flow_adj_median","flow_adj_mean","flow_mpd_pred","observation_probability","flow_benchmark"
"E06000011","E06000011",2403,82289.8919995664,82289.8919995664,82299.3428728775,3678.41143444664,0.0447006472491909,57155
"E06000011","E06000016",1,506.200656206309,506.200656206309,506.701551104711,22.6274969703872,0.0447006472491909,10
"E06000011","E06000018",1,523.637886764131,523.637886764131,524.08387491994,23.4069524625552,0.0447006472491909,15
"E06000011","E06000023",2,461.635869942801,461.635869942801,462.104597501167,20.6354221798866,0.0447006472491909,3
"E06000011","E06000047",6,508.605328662371,508.605328662371,508.488724792873,22.7349873855955,0.0447006472491909,11
