"origin","destination","flow","flow_adj","flow_mpd_pred","flow_true_pred","flow_adj_mean","flow_adj_median","flow_adj_q2.5","flow_adj_q97.5","observation_probability","coverage_rate_o","coverage_rate_d","distance_km","log_distance"
"E06000011","E06000011",2403,50759.2819773081,2268.97275828987,50759.2819773081,50759.2819773081,50761.0348723784,49905.6277068031,51607.2218963245,0.0447006472491909,0.0447006472491909,0.0447006472491909,0,-36.0436533891172
"E06000011","E06000016",1,316.949586872206,14.1678516785513,316.949586872206,316.949586872206,316.943238140442,303.337741978906,330.779514179072,0.0447006472491909,0.0447006472491909,0.0187487802838105,141.921899558846,4.95527690318735
"E06000011","E06000018",1,280.014481522947,12.5168285632223,280.014481522947,280.014481522947,280.04467814031,267.681037601761,292.093655653246,0.0447006472491909,0.0447006472491909,0.038547965353816,108.360551980508,4.68546411115471
"E06000011","E06000023",2,456.008590372162,20.3838791408268,456.008590372162,456.008590372162,455.897859427613,433.981270315547,480.27383329803,0.0447006472491909,0.0447006472491909,0.0278154047363258,297.443570423418,5.69522452774529
"E06000011","E06000047",6,368.424949637263,16.4688337115362,368.424949637263,368.424949637263,368.393688497251,357.749661426757,379.476385041036,0.0447006472491909,0.0447006472491909,0.0450176816436335,117.663924962961,4.76783246739566
